r0b1337,d319763e-9412-4a85-9edf-648178a62dea
karuraa,b41638d5-7c10-4937-89d7-9f25f9644b50
francis123456,c4e1ca7a-3c91-498c-bb77-2f4aa9fd4c10
rydeenn,43bdd2a3-3a44-4ac8-9461-6fef65c4f5d8
2t_hunter,c22c6bf4-92b4-45fc-9c0f-b7d2d8f69512
skekette,5ffa8b60-f1b7-406f-9807-86635db09ba7
cowbraaa,356e0c41-2383-422f-a1da-50bbb7768b07
nyuo,faaa0b5c-520d-43d5-932e-26fa76a85b9a
louloudinette,5d10cadf-5c22-4f20-8a44-70fee6e6209d
migoyy,781a73da-e2e6-47ab-ac59-8b5d0db56df1
jaemilie,86eaa348-3901-4bb1-92c0-b25d6dfc7ae2
thom80160,4c5e1277-eba1-4f29-a5be-a37d275e71e1
kyharuuu,a252237a-bc6b-46b9-8121-51991e39b880
shizue_01,6e8def11-cfe4-4d14-8233-67179addab4a
